INSERT IGNORE INTO monetovani.users (id, name, email, password_hash) VALUES
(1, 'Pedro', 'pedro@email.com', '1234'),
(2, 'Zezinho', 'zezinho@email.com', '1234');

--INSERT IGNORE INTO monetovani.asset (code, type) VALUES
--('BOVA11', 'ETF'),
--('XPLG11', 'REAL_STATE_FUND'),
--('IVVB11', 'ETF'),
--('KNRI11', 'REAL_STATE_FUND'),
--('BCFF11', 'REAL_STATE_FUND');

--INSERT IGNORE INTO monetovani.market_data (id, close_value, quotation_datetime, asset_id) VALUES
--(1, 68.40, '2020-03-16 17:00:00-03', 1),
--(2, 79.49, '2020-03-13 17:00:00-03', 1),
--(3, 70.10, '2020-03-12 17:00:00-03', 1),
--(4, 82.06, '2020-03-11 17:00:00-03', 1),
--(5, 88.63, '2020-03-10 17:00:00-03', 1),
--(6, 82.70, '2020-03-09 17:00:00-03', 1),
--(7, 94.40, '2020-03-06 17:00:00-03', 1);

INSERT IGNORE INTO monetovani.transaction_header
(id, user_id, title, transaction_date, payment_date, creation_date, last_modified_date) VALUES
(1, 1, 'BOVA11', '2020-02-28 13:00:00-03', '2020-02-28 13:00:00-03', '2020-02-28 13:00:00-03', '2020-02-28 13:00:00-03'),
(2, 1, 'BOVA11', '2020-03-04 13:00:00-03', '2020-03-04 13:00:00-03', '2020-03-04 13:00:00-03', '2020-03-04 13:00:00-03'),
(3, 1, 'BOVA11', '2020-03-10 13:00:00-03', '2020-03-10 13:00:00-03', '2020-03-10 13:00:00-03', '2020-03-10 13:00:00-03'),
(4, 1, 'BOVA11', '2020-03-16 13:00:00-03', '2020-03-16 13:00:00-03', '2020-03-16 13:00:00-03', '2020-03-16 13:00:00-03'),
(5, 2, 'BOVA11', '2020-03-17 13:00:00-03', '2020-03-17 13:00:00-03', '2020-03-17 13:00:00-03', '2020-03-17 13:00:00-03'),
(6, 1, 'XPLG11', '2020-01-03 13:00:00-03', '2020-01-03 13:00:00-03', '2020-01-03 13:00:00-03', '2020-01-03 13:00:00-03'),
(7, 1, 'XPLG11', '2020-01-03 13:00:00-03', '2020-01-03 13:00:00-03', '2020-01-03 13:00:00-03', '2020-01-03 13:00:00-03'),
(8, 1, 'XPLG11', '2020-01-03 13:00:00-03', '2020-01-03 13:00:00-03', '2020-01-03 13:00:00-03', '2020-01-03 13:00:00-03'),
(9, 1, 'IVVB11', '2020-01-08 13:00:00-03', '2020-01-08 13:00:00-03', '2020-01-08 13:00:00-03', '2020-01-08 13:00:00-03'),
(10, 1, 'IVVB11', '2020-02-05 13:00:00-03', '2020-02-05 13:00:00-03', '2020-02-05 13:00:00-03', '2020-02-05 13:00:00-03'),
(11, 1, 'XPLG11', '2020-02-05 13:00:00-03', '2020-02-05 13:00:00-03', '2020-02-05 13:00:00-03', '2020-02-05 13:00:00-03'),
(12, 1, 'IVVB11', '2020-02-07 13:00:00-03', '2020-02-07 13:00:00-03', '2020-02-07 13:00:00-03', '2020-02-07 13:00:00-03'),
(13, 1, 'KNRI11', '2020-02-07 13:00:00-03', '2020-02-07 13:00:00-03', '2020-02-07 13:00:00-03', '2020-02-07 13:00:00-03'),
(14, 1, 'IVVB11', '2020-02-28 13:00:00-03', '2020-02-28 13:00:00-03', '2020-02-28 13:00:00-03', '2020-02-28 13:00:00-03'),
(15, 1, 'KNRI11', '2020-02-28 13:00:00-03', '2020-02-28 13:00:00-03', '2020-02-28 13:00:00-03', '2020-02-28 13:00:00-03'),
(16, 1, 'IVVB11', '2020-03-04 13:00:00-03', '2020-03-04 13:00:00-03', '2020-03-04 13:00:00-03', '2020-03-04 13:00:00-03'),
(17, 1, 'IVVB11', '2020-03-04 13:00:00-03', '2020-03-04 13:00:00-03', '2020-03-04 13:00:00-03', '2020-03-04 13:00:00-03'),
(18, 1, 'BCFF11', '2020-03-17 13:00:00-03', '2020-03-17 13:00:00-03', '2020-03-17 13:00:00-03', '2020-03-17 13:00:00-03'),
(19, 1, 'BCFF11', '2020-03-18 13:00:00-03', '2020-03-18 13:00:00-03', '2020-03-18 13:00:00-03', '2020-03-18 13:00:00-03');

INSERT IGNORE INTO monetovani.transaction_item
(header_id, item_sequence, is_invisible, asset_code, quantity, value) VALUES
(1, 1, FALSE, 'BOVA11', 10, 97.50),
(2, 1, FALSE, 'BOVA11', 1, 102.49),
(3, 1, FALSE, 'BOVA11', 1, 86.42),
(4, 1, FALSE, 'BOVA11', 80, 69.24),
(5, 1, FALSE, 'BOVA11', 80, 69.24),
(6, 1, FALSE, 'XPLG11', 10, 149.95),
(7, 1, FALSE, 'XPLG11', 7, 149.95),
(8, 1, FALSE, 'XPLG11', 2, 149.95),
(9, 1, FALSE, 'IVVB11', 1, 141.69),
(10, 1, FALSE, 'IVVB11', 7, 151.48),
(11, 1, FALSE, 'XPLG11', 10, 133.00),
(12, 1, FALSE, 'IVVB11', 20, 154.22),
(13, 1, FALSE, 'KNRI11', 16, 180.25),
(14, 1, FALSE, 'IVVB11', 7, 139.90),
(15, 1, FALSE, 'KNRI11', 5, 170.97),
(16, 1, FALSE, 'IVVB11', 4, 148.55),
(17, 1, FALSE, 'IVVB11', 2, 148.74),
(18, 1, FALSE, 'BCFF11', 5, 86.20),
(19, 1, FALSE, 'BCFF11', 1, 70.06);